time_iso8601,stars_cumulative
2017-03-13 00:00:00+00:00,3
2017-03-24 00:00:00+00:00,4
2017-03-27 00:00:00+00:00,5
2017-03-30 00:00:00+00:00,23
2017-03-31 00:00:00+00:00,67
2017-04-01 00:00:00+00:00,80
2017-04-02 00:00:00+00:00,98
2017-04-03 00:00:00+00:00,127
2017-04-04 00:00:00+00:00,141
2017-04-05 00:00:00+00:00,152
2017-04-06 00:00:00+00:00,153
2017-04-07 00:00:00+00:00,159
2017-04-08 00:00:00+00:00,163
2017-04-09 00:00:00+00:00,166
2017-04-10 00:00:00+00:00,172
2017-04-11 00:00:00+00:00,179
2017-04-12 00:00:00+00:00,182
2017-04-13 00:00:00+00:00,185
2017-04-14 00:00:00+00:00,188
2017-04-15 00:00:00+00:00,189
2017-04-17 00:00:00+00:00,192
2017-04-18 00:00:00+00:00,195
2017-04-20 00:00:00+00:00,196
2017-04-22 00:00:00+00:00,198
2017-04-23 00:00:00+00:00,199
2017-04-24 00:00:00+00:00,200
2017-04-28 00:00:00+00:00,201
2017-04-30 00:00:00+00:00,202
2017-05-01 00:00:00+00:00,203
2017-05-02 00:00:00+00:00,205
2017-05-04 00:00:00+00:00,206
2017-05-05 00:00:00+00:00,207
2017-05-08 00:00:00+00:00,209
2017-05-09 00:00:00+00:00,211
2017-05-11 00:00:00+00:00,213
2017-05-12 00:00:00+00:00,216
2017-05-13 00:00:00+00:00,217
2017-05-15 00:00:00+00:00,219
2017-05-16 00:00:00+00:00,224
2017-05-17 00:00:00+00:00,230
2017-05-18 00:00:00+00:00,235
2017-05-19 00:00:00+00:00,237
2017-05-20 00:00:00+00:00,238
2017-05-22 00:00:00+00:00,241
2017-05-23 00:00:00+00:00,242
2017-05-30 00:00:00+00:00,243
2017-05-31 00:00:00+00:00,245
2017-06-04 00:00:00+00:00,246
2017-06-05 00:00:00+00:00,247
2017-06-06 00:00:00+00:00,251
2017-06-07 00:00:00+00:00,253
2017-06-08 00:00:00+00:00,259
2017-06-09 00:00:00+00:00,262
2017-06-10 00:00:00+00:00,264
2017-06-11 00:00:00+00:00,265
2017-06-12 00:00:00+00:00,266
2017-06-13 00:00:00+00:00,268
2017-06-15 00:00:00+00:00,270
2017-06-16 00:00:00+00:00,271
2017-06-17 00:00:00+00:00,272
2017-06-19 00:00:00+00:00,277
2017-06-20 00:00:00+00:00,278
2017-06-22 00:00:00+00:00,279
2017-06-23 00:00:00+00:00,281
2017-06-26 00:00:00+00:00,282
2017-06-27 00:00:00+00:00,283
2017-06-28 00:00:00+00:00,284
2017-06-30 00:00:00+00:00,286
2017-07-01 00:00:00+00:00,287
2017-07-03 00:00:00+00:00,290
2017-07-05 00:00:00+00:00,291
2017-07-06 00:00:00+00:00,294
2017-07-07 00:00:00+00:00,297
2017-07-09 00:00:00+00:00,298
2017-07-10 00:00:00+00:00,302
2017-07-11 00:00:00+00:00,304
2017-07-12 00:00:00+00:00,307
2017-07-14 00:00:00+00:00,309
2017-07-16 00:00:00+00:00,310
2017-07-17 00:00:00+00:00,312
2017-07-19 00:00:00+00:00,314
2017-07-24 00:00:00+00:00,316
2017-07-25 00:00:00+00:00,317
2017-07-26 00:00:00+00:00,318
2017-07-27 00:00:00+00:00,320
2017-07-28 00:00:00+00:00,322
2017-07-29 00:00:00+00:00,323
2017-07-31 00:00:00+00:00,324
2017-08-02 00:00:00+00:00,326
2017-08-03 00:00:00+00:00,329
2017-08-04 00:00:00+00:00,330
2017-08-05 00:00:00+00:00,331
2017-08-10 00:00:00+00:00,332
2017-08-15 00:00:00+00:00,333
2017-08-17 00:00:00+00:00,337
2017-08-18 00:00:00+00:00,338
2017-08-19 00:00:00+00:00,339
2017-08-21 00:00:00+00:00,340
2017-08-22 00:00:00+00:00,341
2017-08-23 00:00:00+00:00,342
2017-08-24 00:00:00+00:00,343
2017-08-25 00:00:00+00:00,344
2017-08-26 00:00:00+00:00,345
2017-08-27 00:00:00+00:00,346
2017-08-29 00:00:00+00:00,349
2017-08-30 00:00:00+00:00,350
2017-08-31 00:00:00+00:00,351
2017-09-01 00:00:00+00:00,353
2017-09-02 00:00:00+00:00,354
2017-09-03 00:00:00+00:00,355
2017-09-04 00:00:00+00:00,356
2017-09-05 00:00:00+00:00,358
2017-09-06 00:00:00+00:00,360
2017-09-08 00:00:00+00:00,361
2017-09-13 00:00:00+00:00,362
2017-09-14 00:00:00+00:00,364
2017-09-17 00:00:00+00:00,365
2017-09-20 00:00:00+00:00,367
2017-09-22 00:00:00+00:00,368
2017-09-25 00:00:00+00:00,371
2017-09-27 00:00:00+00:00,375
2017-09-29 00:00:00+00:00,379
2017-10-01 00:00:00+00:00,380
2017-10-03 00:00:00+00:00,381
2017-10-05 00:00:00+00:00,383
2017-10-06 00:00:00+00:00,384
2017-10-07 00:00:00+00:00,385
2017-10-08 00:00:00+00:00,387
2017-10-09 00:00:00+00:00,390
2017-10-10 00:00:00+00:00,393
2017-10-11 00:00:00+00:00,396
2017-10-13 00:00:00+00:00,397
2017-10-15 00:00:00+00:00,398
2017-10-16 00:00:00+00:00,399
2017-10-17 00:00:00+00:00,400
2017-10-19 00:00:00+00:00,401
2017-10-21 00:00:00+00:00,404
2017-10-22 00:00:00+00:00,405
2017-10-25 00:00:00+00:00,406
2017-10-26 00:00:00+00:00,407
2017-10-27 00:00:00+00:00,408
2017-10-28 00:00:00+00:00,410
2017-10-29 00:00:00+00:00,411
2017-10-30 00:00:00+00:00,412
2017-10-31 00:00:00+00:00,414
2017-11-01 00:00:00+00:00,416
2017-11-04 00:00:00+00:00,418
2017-11-05 00:00:00+00:00,419
2017-11-08 00:00:00+00:00,424
2017-11-13 00:00:00+00:00,427
2017-11-16 00:00:00+00:00,429
2017-11-17 00:00:00+00:00,432
2017-11-18 00:00:00+00:00,434
2017-11-19 00:00:00+00:00,437
2017-11-20 00:00:00+00:00,441
2017-11-21 00:00:00+00:00,443
2017-11-22 00:00:00+00:00,448
2017-11-23 00:00:00+00:00,451
2017-11-24 00:00:00+00:00,454
2017-11-25 00:00:00+00:00,455
2017-11-26 00:00:00+00:00,457
2017-11-27 00:00:00+00:00,459
2017-11-29 00:00:00+00:00,463
2017-11-30 00:00:00+00:00,464
2017-12-02 00:00:00+00:00,466
2017-12-04 00:00:00+00:00,469
2017-12-05 00:00:00+00:00,472
2017-12-06 00:00:00+00:00,476
2017-12-07 00:00:00+00:00,481
2017-12-08 00:00:00+00:00,483
2017-12-09 00:00:00+00:00,484
2017-12-13 00:00:00+00:00,485
2017-12-14 00:00:00+00:00,486
2017-12-18 00:00:00+00:00,490
2017-12-20 00:00:00+00:00,491
2017-12-21 00:00:00+00:00,495
2017-12-23 00:00:00+00:00,497
2017-12-25 00:00:00+00:00,498
2017-12-26 00:00:00+00:00,500
2017-12-29 00:00:00+00:00,502
2017-12-31 00:00:00+00:00,507
2018-01-02 00:00:00+00:00,509
2018-01-03 00:00:00+00:00,510
2018-01-04 00:00:00+00:00,512
2018-01-05 00:00:00+00:00,513
2018-01-06 00:00:00+00:00,514
2018-01-08 00:00:00+00:00,515
2018-01-09 00:00:00+00:00,516
2018-01-10 00:00:00+00:00,517
2018-01-12 00:00:00+00:00,524
2018-01-15 00:00:00+00:00,525
2018-01-16 00:00:00+00:00,528
2018-01-17 00:00:00+00:00,533
2018-01-18 00:00:00+00:00,539
2018-01-19 00:00:00+00:00,542
2018-01-20 00:00:00+00:00,545
2018-01-21 00:00:00+00:00,546
2018-01-22 00:00:00+00:00,552
2018-01-23 00:00:00+00:00,557
2018-01-24 00:00:00+00:00,558
2018-01-25 00:00:00+00:00,565
2018-01-26 00:00:00+00:00,569
2018-01-27 00:00:00+00:00,570
2018-01-28 00:00:00+00:00,572
2018-01-29 00:00:00+00:00,574
2018-01-30 00:00:00+00:00,576
2018-01-31 00:00:00+00:00,580
2018-02-01 00:00:00+00:00,582
2018-02-02 00:00:00+00:00,584
2018-02-03 00:00:00+00:00,585
2018-02-04 00:00:00+00:00,587
2018-02-05 00:00:00+00:00,588
2018-02-06 00:00:00+00:00,590
2018-02-07 00:00:00+00:00,593
2018-02-08 00:00:00+00:00,595
2018-02-09 00:00:00+00:00,598
2018-02-10 00:00:00+00:00,599
2018-02-11 00:00:00+00:00,600
2018-02-12 00:00:00+00:00,601
2018-02-14 00:00:00+00:00,603
2018-02-15 00:00:00+00:00,605
2018-02-16 00:00:00+00:00,608
2018-02-17 00:00:00+00:00,609
2018-02-18 00:00:00+00:00,610
2018-02-19 00:00:00+00:00,614
2018-02-20 00:00:00+00:00,618
2018-02-21 00:00:00+00:00,619
2018-02-22 00:00:00+00:00,621
2018-02-23 00:00:00+00:00,627
2018-02-24 00:00:00+00:00,631
2018-02-25 00:00:00+00:00,633
2018-02-26 00:00:00+00:00,634
2018-02-27 00:00:00+00:00,638
2018-02-28 00:00:00+00:00,642
2018-03-01 00:00:00+00:00,644
2018-03-02 00:00:00+00:00,645
2018-03-03 00:00:00+00:00,646
2018-03-04 00:00:00+00:00,647
2018-03-05 00:00:00+00:00,649
2018-03-06 00:00:00+00:00,650
2018-03-08 00:00:00+00:00,653
2018-03-09 00:00:00+00:00,654
2018-03-10 00:00:00+00:00,655
2018-03-11 00:00:00+00:00,660
2018-03-14 00:00:00+00:00,662
2018-03-15 00:00:00+00:00,664
2018-03-19 00:00:00+00:00,665
2018-03-20 00:00:00+00:00,666
2018-03-21 00:00:00+00:00,669
2018-03-22 00:00:00+00:00,672
2018-03-23 00:00:00+00:00,674
2018-03-24 00:00:00+00:00,677
2018-03-26 00:00:00+00:00,679
2018-03-27 00:00:00+00:00,680
2018-03-28 00:00:00+00:00,681
2018-03-29 00:00:00+00:00,682
2018-04-04 00:00:00+00:00,683
2018-04-05 00:00:00+00:00,684
2018-04-06 00:00:00+00:00,688
2018-04-07 00:00:00+00:00,689
2018-04-10 00:00:00+00:00,693
2018-04-11 00:00:00+00:00,694
2018-04-12 00:00:00+00:00,700
2018-04-13 00:00:00+00:00,704
2018-04-15 00:00:00+00:00,705
2018-04-16 00:00:00+00:00,706
2018-04-17 00:00:00+00:00,708
2018-04-19 00:00:00+00:00,709
2018-04-20 00:00:00+00:00,710
2018-04-21 00:00:00+00:00,713
2018-04-22 00:00:00+00:00,716
2018-04-23 00:00:00+00:00,719
2018-04-24 00:00:00+00:00,722
2018-04-25 00:00:00+00:00,723
2018-04-26 00:00:00+00:00,726
2018-04-27 00:00:00+00:00,731
2018-04-28 00:00:00+00:00,732
2018-04-30 00:00:00+00:00,734
2018-05-01 00:00:00+00:00,736
2018-05-02 00:00:00+00:00,737
2018-05-05 00:00:00+00:00,738
2018-05-08 00:00:00+00:00,739
2018-05-09 00:00:00+00:00,740
2018-05-10 00:00:00+00:00,741
2018-05-11 00:00:00+00:00,743
2018-05-14 00:00:00+00:00,745
2018-05-15 00:00:00+00:00,747
2018-05-17 00:00:00+00:00,748
2018-05-18 00:00:00+00:00,749
2018-05-19 00:00:00+00:00,750
2018-05-20 00:00:00+00:00,751
2018-05-21 00:00:00+00:00,752
2018-05-22 00:00:00+00:00,753
2018-05-23 00:00:00+00:00,755
2018-05-24 00:00:00+00:00,758
2018-05-25 00:00:00+00:00,762
2018-05-27 00:00:00+00:00,763
2018-05-28 00:00:00+00:00,765
2018-05-29 00:00:00+00:00,766
2018-05-30 00:00:00+00:00,770
2018-05-31 00:00:00+00:00,774
2018-06-02 00:00:00+00:00,776
2018-06-04 00:00:00+00:00,777
2018-06-05 00:00:00+00:00,779
2018-06-06 00:00:00+00:00,780
2018-06-07 00:00:00+00:00,784
2018-06-12 00:00:00+00:00,785
2018-06-13 00:00:00+00:00,786
2018-06-14 00:00:00+00:00,787
2018-06-15 00:00:00+00:00,788
2018-06-17 00:00:00+00:00,790
2018-06-18 00:00:00+00:00,791
2018-06-21 00:00:00+00:00,793
2018-06-22 00:00:00+00:00,795
2018-06-25 00:00:00+00:00,796
2018-06-26 00:00:00+00:00,798
2018-06-27 00:00:00+00:00,800
2018-06-28 00:00:00+00:00,801
2018-06-29 00:00:00+00:00,802
2018-07-01 00:00:00+00:00,803
2018-07-02 00:00:00+00:00,806
2018-07-03 00:00:00+00:00,809
2018-07-04 00:00:00+00:00,812
2018-07-05 00:00:00+00:00,813
2018-07-06 00:00:00+00:00,816
2018-07-10 00:00:00+00:00,818
2018-07-11 00:00:00+00:00,819
2018-07-12 00:00:00+00:00,821
2018-07-13 00:00:00+00:00,822
2018-07-14 00:00:00+00:00,824
2018-07-15 00:00:00+00:00,827
2018-07-17 00:00:00+00:00,828
2018-07-18 00:00:00+00:00,829
2018-07-21 00:00:00+00:00,831
2018-07-25 00:00:00+00:00,832
2018-07-27 00:00:00+00:00,834
2018-07-28 00:00:00+00:00,835
2018-08-01 00:00:00+00:00,838
2018-08-02 00:00:00+00:00,841
2018-08-03 00:00:00+00:00,843
2018-08-08 00:00:00+00:00,844
2018-08-10 00:00:00+00:00,845
2018-08-13 00:00:00+00:00,848
2018-08-14 00:00:00+00:00,849
2018-08-15 00:00:00+00:00,850
2018-08-16 00:00:00+00:00,852
2018-08-18 00:00:00+00:00,853
2018-08-20 00:00:00+00:00,854
2018-08-21 00:00:00+00:00,857
2018-08-22 00:00:00+00:00,861
2018-08-23 00:00:00+00:00,865
2018-08-24 00:00:00+00:00,866
2018-08-25 00:00:00+00:00,867
2018-08-28 00:00:00+00:00,869
2018-08-29 00:00:00+00:00,871
2018-08-30 00:00:00+00:00,872
2018-08-31 00:00:00+00:00,873
2018-09-01 00:00:00+00:00,875
2018-09-04 00:00:00+00:00,878
2018-09-06 00:00:00+00:00,879
2018-09-07 00:00:00+00:00,880
2018-09-08 00:00:00+00:00,881
2018-09-10 00:00:00+00:00,884
2018-09-11 00:00:00+00:00,886
2018-09-12 00:00:00+00:00,888
2018-09-13 00:00:00+00:00,890
2018-09-14 00:00:00+00:00,893
2018-09-18 00:00:00+00:00,895
2018-09-19 00:00:00+00:00,898
2018-09-20 00:00:00+00:00,900
2018-09-25 00:00:00+00:00,904
2018-09-26 00:00:00+00:00,905
2018-09-27 00:00:00+00:00,907
2018-09-30 00:00:00+00:00,908
2018-10-01 00:00:00+00:00,910
2018-10-02 00:00:00+00:00,913
2018-10-03 00:00:00+00:00,915
2018-10-04 00:00:00+00:00,917
2018-10-08 00:00:00+00:00,918
2018-10-10 00:00:00+00:00,922
2018-10-11 00:00:00+00:00,924
2018-10-12 00:00:00+00:00,925
2018-10-13 00:00:00+00:00,926
2018-10-17 00:00:00+00:00,928
2018-10-18 00:00:00+00:00,930
2018-10-19 00:00:00+00:00,932
2018-10-20 00:00:00+00:00,933
2018-10-21 00:00:00+00:00,934
2018-10-22 00:00:00+00:00,937
2018-10-23 00:00:00+00:00,938
2018-10-24 00:00:00+00:00,943
2018-10-25 00:00:00+00:00,945
2018-10-26 00:00:00+00:00,947
2018-10-27 00:00:00+00:00,948
2018-10-30 00:00:00+00:00,949
2018-10-31 00:00:00+00:00,951
2018-11-01 00:00:00+00:00,955
2018-11-02 00:00:00+00:00,957
2018-11-04 00:00:00+00:00,963
2018-11-05 00:00:00+00:00,966
2018-11-06 00:00:00+00:00,967
2018-11-07 00:00:00+00:00,968
2018-11-08 00:00:00+00:00,969
2018-11-10 00:00:00+00:00,970
2018-11-11 00:00:00+00:00,971
2018-11-12 00:00:00+00:00,972
2018-11-13 00:00:00+00:00,976
2018-11-14 00:00:00+00:00,981
2018-11-16 00:00:00+00:00,983
2018-11-18 00:00:00+00:00,986
2018-11-19 00:00:00+00:00,987
2018-11-21 00:00:00+00:00,988
2018-11-23 00:00:00+00:00,990
2018-11-24 00:00:00+00:00,991
2018-11-26 00:00:00+00:00,992
2018-11-29 00:00:00+00:00,993
2018-11-30 00:00:00+00:00,994
2018-12-02 00:00:00+00:00,995
2018-12-04 00:00:00+00:00,996
2018-12-06 00:00:00+00:00,997
2018-12-08 00:00:00+00:00,998
2018-12-09 00:00:00+00:00,999
2018-12-10 00:00:00+00:00,1000
2018-12-12 00:00:00+00:00,1003
2018-12-13 00:00:00+00:00,1004
2018-12-14 00:00:00+00:00,1005
2018-12-16 00:00:00+00:00,1007
2018-12-17 00:00:00+00:00,1011
2018-12-18 00:00:00+00:00,1013
2018-12-19 00:00:00+00:00,1016
2018-12-20 00:00:00+00:00,1017
2018-12-21 00:00:00+00:00,1018
2018-12-23 00:00:00+00:00,1019
2018-12-25 00:00:00+00:00,1020
2018-12-26 00:00:00+00:00,1022
2018-12-27 00:00:00+00:00,1024
2018-12-28 00:00:00+00:00,1025
2018-12-30 00:00:00+00:00,1026
2019-01-02 00:00:00+00:00,1027
2019-01-03 00:00:00+00:00,1028
2019-01-05 00:00:00+00:00,1029
2019-01-07 00:00:00+00:00,1032
2019-01-08 00:00:00+00:00,1034
2019-01-10 00:00:00+00:00,1035
2019-01-11 00:00:00+00:00,1042
2019-01-12 00:00:00+00:00,1043
2019-01-13 00:00:00+00:00,1044
2019-01-14 00:00:00+00:00,1045
2019-01-15 00:00:00+00:00,1052
2019-01-16 00:00:00+00:00,1055
2019-01-18 00:00:00+00:00,1056
2019-01-19 00:00:00+00:00,1058
2019-01-20 00:00:00+00:00,1060
2019-01-21 00:00:00+00:00,1063
2019-01-22 00:00:00+00:00,1065
2019-01-23 00:00:00+00:00,1066
2019-01-28 00:00:00+00:00,1067
2019-01-29 00:00:00+00:00,1072
2019-01-30 00:00:00+00:00,1074
2019-02-01 00:00:00+00:00,1076
2019-02-03 00:00:00+00:00,1079
2019-02-05 00:00:00+00:00,1081
2019-02-06 00:00:00+00:00,1083
2019-02-07 00:00:00+00:00,1088
2019-02-08 00:00:00+00:00,1092
2019-02-10 00:00:00+00:00,1093
2019-02-12 00:00:00+00:00,1095
2019-02-14 00:00:00+00:00,1096
2019-02-17 00:00:00+00:00,1097
2019-02-18 00:00:00+00:00,1100
2019-02-19 00:00:00+00:00,1101
2019-02-20 00:00:00+00:00,1102
2019-02-21 00:00:00+00:00,1104
2019-02-22 00:00:00+00:00,1105
2019-02-23 00:00:00+00:00,1106
2019-02-24 00:00:00+00:00,1107
2019-02-25 00:00:00+00:00,1108
2019-02-26 00:00:00+00:00,1111
2019-02-27 00:00:00+00:00,1125
2019-02-28 00:00:00+00:00,1136
2019-03-01 00:00:00+00:00,1138
2019-03-02 00:00:00+00:00,1140
2019-03-03 00:00:00+00:00,1141
2019-03-04 00:00:00+00:00,1143
2019-03-05 00:00:00+00:00,1144
2019-03-07 00:00:00+00:00,1147
2019-03-08 00:00:00+00:00,1149
2019-03-09 00:00:00+00:00,1152
2019-03-10 00:00:00+00:00,1154
2019-03-11 00:00:00+00:00,1155
2019-03-12 00:00:00+00:00,1156
2019-03-13 00:00:00+00:00,1159
2019-03-14 00:00:00+00:00,1161
2019-03-15 00:00:00+00:00,1163
2019-03-18 00:00:00+00:00,1165
2019-03-19 00:00:00+00:00,1171
2019-03-21 00:00:00+00:00,1172
2019-03-22 00:00:00+00:00,1173
2019-03-24 00:00:00+00:00,1174
2019-03-25 00:00:00+00:00,1175
2019-03-27 00:00:00+00:00,1176
2019-03-28 00:00:00+00:00,1178
2019-03-29 00:00:00+00:00,1179
2019-03-31 00:00:00+00:00,1181
2019-04-03 00:00:00+00:00,1182
2019-04-04 00:00:00+00:00,1185
2019-04-05 00:00:00+00:00,1189
2019-04-06 00:00:00+00:00,1190
2019-04-07 00:00:00+00:00,1192
2019-04-08 00:00:00+00:00,1195
2019-04-09 00:00:00+00:00,1198
2019-04-10 00:00:00+00:00,1200
2019-04-14 00:00:00+00:00,1201
2019-04-15 00:00:00+00:00,1203
2019-04-16 00:00:00+00:00,1204
2019-04-17 00:00:00+00:00,1205
2019-04-18 00:00:00+00:00,1207
2019-04-22 00:00:00+00:00,1208
2019-04-23 00:00:00+00:00,1209
2019-04-24 00:00:00+00:00,1214
2019-04-26 00:00:00+00:00,1215
2019-04-28 00:00:00+00:00,1217
2019-04-29 00:00:00+00:00,1219
2019-04-30 00:00:00+00:00,1220
2019-05-01 00:00:00+00:00,1222
2019-05-02 00:00:00+00:00,1223
2019-05-03 00:00:00+00:00,1224
2019-05-04 00:00:00+00:00,1225
2019-05-05 00:00:00+00:00,1228
2019-05-07 00:00:00+00:00,1229
2019-05-08 00:00:00+00:00,1230
2019-05-09 00:00:00+00:00,1233
2019-05-10 00:00:00+00:00,1235
2019-05-11 00:00:00+00:00,1238
2019-05-12 00:00:00+00:00,1241
2019-05-13 00:00:00+00:00,1243
2019-05-14 00:00:00+00:00,1248
2019-05-15 00:00:00+00:00,1254
2019-05-16 00:00:00+00:00,1264
2019-05-17 00:00:00+00:00,1269
2019-05-18 00:00:00+00:00,1270
2019-05-19 00:00:00+00:00,1272
2019-05-20 00:00:00+00:00,1278
2019-05-21 00:00:00+00:00,1282
2019-05-22 00:00:00+00:00,1284
2019-05-23 00:00:00+00:00,1288
2019-05-24 00:00:00+00:00,1292
2019-05-25 00:00:00+00:00,1294
2019-05-27 00:00:00+00:00,1295
2019-05-28 00:00:00+00:00,1298
2019-05-29 00:00:00+00:00,1310
2019-05-30 00:00:00+00:00,1311
2019-05-31 00:00:00+00:00,1313
2019-06-01 00:00:00+00:00,1318
2019-06-02 00:00:00+00:00,1321
2019-06-03 00:00:00+00:00,1324
2019-06-04 00:00:00+00:00,1325
2019-06-05 00:00:00+00:00,1327
2019-06-06 00:00:00+00:00,1335
2019-06-07 00:00:00+00:00,1337
2019-06-08 00:00:00+00:00,1339
2019-06-09 00:00:00+00:00,1344
2019-06-10 00:00:00+00:00,1352
2019-06-11 00:00:00+00:00,1355
2019-06-12 00:00:00+00:00,1362
2019-06-13 00:00:00+00:00,1367
2019-06-14 00:00:00+00:00,1373
2019-06-15 00:00:00+00:00,1374
2019-06-16 00:00:00+00:00,1376
2019-06-17 00:00:00+00:00,1382
2019-06-18 00:00:00+00:00,1385
2019-06-19 00:00:00+00:00,1387
2019-06-20 00:00:00+00:00,1392
2019-06-21 00:00:00+00:00,1398
2019-06-22 00:00:00+00:00,1403
2019-06-23 00:00:00+00:00,1407
2019-06-24 00:00:00+00:00,1417
2019-06-25 00:00:00+00:00,1424
2019-06-26 00:00:00+00:00,1431
2019-06-27 00:00:00+00:00,1434
2019-06-28 00:00:00+00:00,1435
2019-06-29 00:00:00+00:00,1437
2019-06-30 00:00:00+00:00,1438
2019-07-01 00:00:00+00:00,1442
2019-07-02 00:00:00+00:00,1448
2019-07-03 00:00:00+00:00,1458
2019-07-04 00:00:00+00:00,1465
2019-07-05 00:00:00+00:00,1486
2019-07-06 00:00:00+00:00,1489
2019-07-07 00:00:00+00:00,1493
2019-07-08 00:00:00+00:00,1497
2019-07-09 00:00:00+00:00,1501
2019-07-10 00:00:00+00:00,1504
2019-07-11 00:00:00+00:00,1506
2019-07-12 00:00:00+00:00,1510
2019-07-13 00:00:00+00:00,1511
2019-07-14 00:00:00+00:00,1512
2019-07-15 00:00:00+00:00,1515
2019-07-16 00:00:00+00:00,1525
2019-07-17 00:00:00+00:00,1527
2019-07-18 00:00:00+00:00,1532
2019-07-19 00:00:00+00:00,1536
2019-07-20 00:00:00+00:00,1537
2019-07-21 00:00:00+00:00,1538
2019-07-22 00:00:00+00:00,1541
2019-07-23 00:00:00+00:00,1542
2019-07-24 00:00:00+00:00,1545
2019-07-25 00:00:00+00:00,1548
2019-07-26 00:00:00+00:00,1551
2019-07-27 00:00:00+00:00,1557
2019-07-28 00:00:00+00:00,1559
2019-07-29 00:00:00+00:00,1563
2019-07-30 00:00:00+00:00,1571
2019-07-31 00:00:00+00:00,1573
2019-08-01 00:00:00+00:00,1574
2019-08-03 00:00:00+00:00,1575
2019-08-04 00:00:00+00:00,1576
2019-08-05 00:00:00+00:00,1579
2019-08-06 00:00:00+00:00,1581
2019-08-07 00:00:00+00:00,1586
2019-08-08 00:00:00+00:00,1591
2019-08-09 00:00:00+00:00,1594
2019-08-12 00:00:00+00:00,1597
2019-08-13 00:00:00+00:00,1598
2019-08-14 00:00:00+00:00,1600
2019-08-15 00:00:00+00:00,1602
2019-08-16 00:00:00+00:00,1603
2019-08-18 00:00:00+00:00,1605
2019-08-19 00:00:00+00:00,1609
2019-08-20 00:00:00+00:00,1611
2019-08-21 00:00:00+00:00,1614
2019-08-22 00:00:00+00:00,1619
2019-08-23 00:00:00+00:00,1624
2019-08-25 00:00:00+00:00,1629
2019-08-26 00:00:00+00:00,1633
2019-08-27 00:00:00+00:00,1636
2019-08-28 00:00:00+00:00,1638
2019-08-29 00:00:00+00:00,1639
2019-08-30 00:00:00+00:00,1643
2019-08-31 00:00:00+00:00,1647
2019-09-01 00:00:00+00:00,1649
2019-09-02 00:00:00+00:00,1652
2019-09-03 00:00:00+00:00,1653
2019-09-04 00:00:00+00:00,1656
2019-09-05 00:00:00+00:00,1664
2019-09-06 00:00:00+00:00,1668
2019-09-07 00:00:00+00:00,1674
2019-09-08 00:00:00+00:00,1678
2019-09-09 00:00:00+00:00,1681
2019-09-10 00:00:00+00:00,1685
2019-09-11 00:00:00+00:00,1690
2019-09-12 00:00:00+00:00,1691
2019-09-13 00:00:00+00:00,1692
2019-09-14 00:00:00+00:00,1694
2019-09-15 00:00:00+00:00,1696
2019-09-16 00:00:00+00:00,1702
2019-09-17 00:00:00+00:00,1708
2019-09-18 00:00:00+00:00,1715
2019-09-19 00:00:00+00:00,1719
2019-09-20 00:00:00+00:00,1721
2019-09-21 00:00:00+00:00,1722
2019-09-22 00:00:00+00:00,1724
2019-09-23 00:00:00+00:00,1729
2019-09-24 00:00:00+00:00,1738
2019-09-25 00:00:00+00:00,1756
2019-09-26 00:00:00+00:00,1790
2019-09-27 00:00:00+00:00,1870
2019-09-28 00:00:00+00:00,1890
2019-09-29 00:00:00+00:00,1937
2019-09-30 00:00:00+00:00,1941
2019-10-01 00:00:00+00:00,1946
2019-10-02 00:00:00+00:00,1952
2019-10-03 00:00:00+00:00,1961
2019-10-04 00:00:00+00:00,1975
2019-10-05 00:00:00+00:00,1982
2019-10-06 00:00:00+00:00,1984
2019-10-07 00:00:00+00:00,1987
2019-10-08 00:00:00+00:00,1994
2019-10-09 00:00:00+00:00,1997
2019-10-10 00:00:00+00:00,2004
2019-10-11 00:00:00+00:00,2007
2019-10-12 00:00:00+00:00,2008
2019-10-13 00:00:00+00:00,2009
2019-10-14 00:00:00+00:00,2013
2019-10-15 00:00:00+00:00,2017
2019-10-16 00:00:00+00:00,2021
2019-10-17 00:00:00+00:00,2024
2019-10-18 00:00:00+00:00,2028
2019-10-19 00:00:00+00:00,2029
2019-10-20 00:00:00+00:00,2031
2019-10-21 00:00:00+00:00,2033
2019-10-22 00:00:00+00:00,2036
2019-10-23 00:00:00+00:00,2040
2019-10-24 00:00:00+00:00,2046
2019-10-25 00:00:00+00:00,2060
2019-10-26 00:00:00+00:00,2062
2019-10-27 00:00:00+00:00,2069
2019-10-28 00:00:00+00:00,2078
2019-10-29 00:00:00+00:00,2084
2019-10-30 00:00:00+00:00,2089
2019-10-31 00:00:00+00:00,2095
2019-11-01 00:00:00+00:00,2101
2019-11-02 00:00:00+00:00,2102
2019-11-03 00:00:00+00:00,2104
2019-11-04 00:00:00+00:00,2108
2019-11-05 00:00:00+00:00,2112
2019-11-06 00:00:00+00:00,2118
2019-11-07 00:00:00+00:00,2121
2019-11-08 00:00:00+00:00,2125
2019-11-09 00:00:00+00:00,2127
2019-11-10 00:00:00+00:00,2130
2019-11-11 00:00:00+00:00,2133
2019-11-12 00:00:00+00:00,2137
2019-11-13 00:00:00+00:00,2154
2019-11-14 00:00:00+00:00,2162
2019-11-15 00:00:00+00:00,2165
2019-11-16 00:00:00+00:00,2166
2019-11-17 00:00:00+00:00,2169
2019-11-18 00:00:00+00:00,2172
2019-11-19 00:00:00+00:00,2179
2019-11-20 00:00:00+00:00,2191
2019-11-21 00:00:00+00:00,2197
2019-11-22 00:00:00+00:00,2205
2019-11-23 00:00:00+00:00,2207
2019-11-24 00:00:00+00:00,2212
2019-11-25 00:00:00+00:00,2219
2019-11-26 00:00:00+00:00,2221
2019-11-27 00:00:00+00:00,2224
2019-11-28 00:00:00+00:00,2228
2019-11-29 00:00:00+00:00,2232
2019-12-01 00:00:00+00:00,2235
2019-12-02 00:00:00+00:00,2237
2019-12-03 00:00:00+00:00,2241
2019-12-04 00:00:00+00:00,2246
2019-12-05 00:00:00+00:00,2251
2019-12-06 00:00:00+00:00,2255
2019-12-07 00:00:00+00:00,2260
2019-12-08 00:00:00+00:00,2263
2019-12-10 00:00:00+00:00,2264
2019-12-11 00:00:00+00:00,2268
2019-12-13 00:00:00+00:00,2270
2019-12-14 00:00:00+00:00,2272
2019-12-15 00:00:00+00:00,2273
2019-12-16 00:00:00+00:00,2276
2019-12-17 00:00:00+00:00,2277
2019-12-18 00:00:00+00:00,2281
2019-12-19 00:00:00+00:00,2286
2019-12-20 00:00:00+00:00,2294
2019-12-21 00:00:00+00:00,2296
2019-12-22 00:00:00+00:00,2297
2019-12-23 00:00:00+00:00,2300
2019-12-24 00:00:00+00:00,2303
2019-12-26 00:00:00+00:00,2304
2019-12-27 00:00:00+00:00,2307
2019-12-28 00:00:00+00:00,2310
2019-12-29 00:00:00+00:00,2311
2019-12-30 00:00:00+00:00,2317
2019-12-31 00:00:00+00:00,2318
2020-01-02 00:00:00+00:00,2321
2020-01-03 00:00:00+00:00,2325
2020-01-04 00:00:00+00:00,2328
2020-01-05 00:00:00+00:00,2329
2020-01-06 00:00:00+00:00,2335
2020-01-07 00:00:00+00:00,2343
2020-01-08 00:00:00+00:00,2351
2020-01-09 00:00:00+00:00,2357
2020-01-10 00:00:00+00:00,2363
2020-01-12 00:00:00+00:00,2365
2020-01-13 00:00:00+00:00,2368
2020-01-14 00:00:00+00:00,2374
2020-01-15 00:00:00+00:00,2376
2020-01-16 00:00:00+00:00,2379
2020-01-17 00:00:00+00:00,2384
2020-01-18 00:00:00+00:00,2386
2020-01-19 00:00:00+00:00,2388
2020-01-20 00:00:00+00:00,2392
2020-01-21 00:00:00+00:00,2395
2020-01-22 00:00:00+00:00,2398
2020-01-23 00:00:00+00:00,2402
2020-01-24 00:00:00+00:00,2407
2020-01-26 00:00:00+00:00,2408
2020-01-27 00:00:00+00:00,2410
2020-01-28 00:00:00+00:00,2414
2020-01-29 00:00:00+00:00,2422
2020-01-30 00:00:00+00:00,2424
2020-01-31 00:00:00+00:00,2427
2020-02-01 00:00:00+00:00,2429
2020-02-02 00:00:00+00:00,2430
2020-02-03 00:00:00+00:00,2431
2020-02-04 00:00:00+00:00,2433
2020-02-06 00:00:00+00:00,2437
2020-02-07 00:00:00+00:00,2440
2020-02-08 00:00:00+00:00,2443
2020-02-10 00:00:00+00:00,2447
2020-02-11 00:00:00+00:00,2459
2020-02-12 00:00:00+00:00,2469
2020-02-13 00:00:00+00:00,2473
2020-02-14 00:00:00+00:00,2478
2020-02-15 00:00:00+00:00,2481
2020-02-16 00:00:00+00:00,2484
2020-02-17 00:00:00+00:00,2489
2020-02-18 00:00:00+00:00,2496
2020-02-19 00:00:00+00:00,2498
2020-02-20 00:00:00+00:00,2503
2020-02-21 00:00:00+00:00,2506
2020-02-22 00:00:00+00:00,2507
2020-02-23 00:00:00+00:00,2508
2020-02-24 00:00:00+00:00,2509
2020-02-25 00:00:00+00:00,2510
2020-02-26 00:00:00+00:00,2516
2020-02-27 00:00:00+00:00,2521
2020-02-28 00:00:00+00:00,2529
2020-02-29 00:00:00+00:00,2535
2020-03-01 00:00:00+00:00,2537
2020-03-02 00:00:00+00:00,2539
2020-03-03 00:00:00+00:00,2546
2020-03-04 00:00:00+00:00,2560
2020-03-05 00:00:00+00:00,2577
2020-03-06 00:00:00+00:00,2585
2020-03-07 00:00:00+00:00,2592
2020-03-08 00:00:00+00:00,2595
2020-03-09 00:00:00+00:00,2598
2020-03-10 00:00:00+00:00,2604
2020-03-11 00:00:00+00:00,2608
2020-03-12 00:00:00+00:00,2611
2020-03-13 00:00:00+00:00,2615
2020-03-14 00:00:00+00:00,2620
2020-03-15 00:00:00+00:00,2624
2020-03-16 00:00:00+00:00,2627
2020-03-17 00:00:00+00:00,2631
2020-03-18 00:00:00+00:00,2634
2020-03-19 00:00:00+00:00,2635
2020-03-23 00:00:00+00:00,2638
2020-03-24 00:00:00+00:00,2642
2020-03-25 00:00:00+00:00,2646
2020-03-26 00:00:00+00:00,2649
2020-03-27 00:00:00+00:00,2656
2020-03-28 00:00:00+00:00,2657
2020-03-29 00:00:00+00:00,2658
2020-03-30 00:00:00+00:00,2659
2020-03-31 00:00:00+00:00,2665
2020-04-01 00:00:00+00:00,2671
2020-04-02 00:00:00+00:00,2681
2020-04-03 00:00:00+00:00,2691
2020-04-04 00:00:00+00:00,2696
2020-04-05 00:00:00+00:00,2699
2020-04-06 00:00:00+00:00,2702
2020-04-08 00:00:00+00:00,2705
2020-04-09 00:00:00+00:00,2708
2020-04-10 00:00:00+00:00,2710
2020-04-11 00:00:00+00:00,2713
2020-04-12 00:00:00+00:00,2715
2020-04-14 00:00:00+00:00,2722
2020-04-15 00:00:00+00:00,2728
2020-04-16 00:00:00+00:00,2737
2020-04-17 00:00:00+00:00,2745
2020-04-18 00:00:00+00:00,2750
2020-04-19 00:00:00+00:00,2754
2020-04-20 00:00:00+00:00,2764
2020-04-21 00:00:00+00:00,2766
2020-04-22 00:00:00+00:00,2770
2020-04-23 00:00:00+00:00,2780
2020-04-24 00:00:00+00:00,2784
2020-04-25 00:00:00+00:00,2790
2020-04-26 00:00:00+00:00,2794
2020-04-27 00:00:00+00:00,2798
2020-04-28 00:00:00+00:00,2800
2020-04-29 00:00:00+00:00,2803
2020-04-30 00:00:00+00:00,2805
2020-05-01 00:00:00+00:00,2809
2020-05-02 00:00:00+00:00,2812
2020-05-03 00:00:00+00:00,2815
2020-05-04 00:00:00+00:00,2817
2020-05-05 00:00:00+00:00,2819
2020-05-06 00:00:00+00:00,2823
2020-05-07 00:00:00+00:00,2829
2020-05-08 00:00:00+00:00,2833
2020-05-09 00:00:00+00:00,2835
2020-05-10 00:00:00+00:00,2836
2020-05-11 00:00:00+00:00,2838
2020-05-12 00:00:00+00:00,2841
2020-05-13 00:00:00+00:00,2842
2020-05-14 00:00:00+00:00,2846
2020-05-15 00:00:00+00:00,2853
2020-05-16 00:00:00+00:00,2855
2020-05-17 00:00:00+00:00,2859
2020-05-18 00:00:00+00:00,2862
2020-05-19 00:00:00+00:00,2864
2020-05-20 00:00:00+00:00,2866
2020-05-21 00:00:00+00:00,2870
2020-05-22 00:00:00+00:00,2875
2020-05-23 00:00:00+00:00,2882
2020-05-24 00:00:00+00:00,2890
2020-05-25 00:00:00+00:00,2894
2020-05-26 00:00:00+00:00,2900
2020-05-27 00:00:00+00:00,2907
2020-05-28 00:00:00+00:00,2913
2020-05-29 00:00:00+00:00,2918
2020-05-30 00:00:00+00:00,2921
2020-05-31 00:00:00+00:00,2924
2020-06-01 00:00:00+00:00,2927
2020-06-02 00:00:00+00:00,2930
2020-06-03 00:00:00+00:00,2934
2020-06-04 00:00:00+00:00,2938
2020-06-05 00:00:00+00:00,2942
2020-06-06 00:00:00+00:00,2948
2020-06-07 00:00:00+00:00,2951
2020-06-08 00:00:00+00:00,2956
2020-06-09 00:00:00+00:00,2961
2020-06-10 00:00:00+00:00,2963
2020-06-11 00:00:00+00:00,2965
2020-06-12 00:00:00+00:00,2968
2020-06-13 00:00:00+00:00,2970
2020-06-14 00:00:00+00:00,2972
2020-06-15 00:00:00+00:00,2978
2020-06-16 00:00:00+00:00,2981
2020-06-17 00:00:00+00:00,2986
2020-06-18 00:00:00+00:00,2993
2020-06-19 00:00:00+00:00,2997
2020-06-20 00:00:00+00:00,2999
2020-06-21 00:00:00+00:00,3000
2020-06-22 00:00:00+00:00,3004
2020-06-23 00:00:00+00:00,3005
2020-06-24 00:00:00+00:00,3012
2020-06-25 00:00:00+00:00,3017
2020-06-26 00:00:00+00:00,3020
2020-06-27 00:00:00+00:00,3024
2020-06-28 00:00:00+00:00,3027
2020-06-30 00:00:00+00:00,3031
2020-07-01 00:00:00+00:00,3034
2020-07-02 00:00:00+00:00,3041
2020-07-03 00:00:00+00:00,3043
2020-07-04 00:00:00+00:00,3046
2020-07-05 00:00:00+00:00,3049
2020-07-06 00:00:00+00:00,3051
2020-07-07 00:00:00+00:00,3054
2020-07-08 00:00:00+00:00,3059
2020-07-09 00:00:00+00:00,3061
2020-07-10 00:00:00+00:00,3064
2020-07-11 00:00:00+00:00,3065
2020-07-13 00:00:00+00:00,3069
2020-07-14 00:00:00+00:00,3071
2020-07-15 00:00:00+00:00,3078
2020-07-16 00:00:00+00:00,3081
2020-07-17 00:00:00+00:00,3083
2020-07-18 00:00:00+00:00,3085
2020-07-20 00:00:00+00:00,3086
2020-07-21 00:00:00+00:00,3091
2020-07-22 00:00:00+00:00,3099
2020-07-23 00:00:00+00:00,3103
2020-07-24 00:00:00+00:00,3112
2020-07-25 00:00:00+00:00,3116
2020-07-26 00:00:00+00:00,3124
2020-07-28 00:00:00+00:00,3126
2020-07-29 00:00:00+00:00,3128
2020-07-30 00:00:00+00:00,3129
2020-08-01 00:00:00+00:00,3130
2020-08-02 00:00:00+00:00,3131
2020-08-03 00:00:00+00:00,3133
2020-08-04 00:00:00+00:00,3137
2020-08-05 00:00:00+00:00,3139
2020-08-06 00:00:00+00:00,3142
2020-08-07 00:00:00+00:00,3148
2020-08-08 00:00:00+00:00,3155
2020-08-09 00:00:00+00:00,3158
2020-08-10 00:00:00+00:00,3159
2020-08-11 00:00:00+00:00,3162
2020-08-12 00:00:00+00:00,3163
2020-08-13 00:00:00+00:00,3168
2020-08-14 00:00:00+00:00,3172
2020-08-15 00:00:00+00:00,3176
2020-08-16 00:00:00+00:00,3180
2020-08-17 00:00:00+00:00,3187
2020-08-18 00:00:00+00:00,3188
2020-08-19 00:00:00+00:00,3189
2020-08-21 00:00:00+00:00,3196
2020-08-22 00:00:00+00:00,3202
2020-08-23 00:00:00+00:00,3207
2020-08-24 00:00:00+00:00,3209
2020-08-25 00:00:00+00:00,3211
2020-08-26 00:00:00+00:00,3218
2020-08-27 00:00:00+00:00,3223
2020-08-28 00:00:00+00:00,3236
2020-08-29 00:00:00+00:00,3243
2020-08-30 00:00:00+00:00,3254
2020-08-31 00:00:00+00:00,3261
2020-09-01 00:00:00+00:00,3272
2020-09-02 00:00:00+00:00,3287
2020-09-03 00:00:00+00:00,3291
2020-09-04 00:00:00+00:00,3294
2020-09-05 00:00:00+00:00,3295
2020-09-06 00:00:00+00:00,3296
2020-09-07 00:00:00+00:00,3298
2020-09-08 00:00:00+00:00,3300
2020-09-09 00:00:00+00:00,3304
2020-09-10 00:00:00+00:00,3306
2020-09-11 00:00:00+00:00,3308
2020-09-12 00:00:00+00:00,3314
2020-09-13 00:00:00+00:00,3318
2020-09-14 00:00:00+00:00,3320
2020-09-15 00:00:00+00:00,3324
2020-09-16 00:00:00+00:00,3328
2020-09-17 00:00:00+00:00,3334
2020-09-18 00:00:00+00:00,3339
2020-09-19 00:00:00+00:00,3340
2020-09-20 00:00:00+00:00,3347
2020-09-21 00:00:00+00:00,3351
2020-09-22 00:00:00+00:00,3356
2020-09-23 00:00:00+00:00,3361
2020-09-25 00:00:00+00:00,3362
2020-09-26 00:00:00+00:00,3365
2020-09-27 00:00:00+00:00,3368
2020-09-28 00:00:00+00:00,3373
2020-09-29 00:00:00+00:00,3377
2020-09-30 00:00:00+00:00,3379
2020-10-01 00:00:00+00:00,3383
2020-10-02 00:00:00+00:00,3387
2020-10-03 00:00:00+00:00,3389
2020-10-04 00:00:00+00:00,3393
2020-10-05 00:00:00+00:00,3399
2020-10-06 00:00:00+00:00,3403
2020-10-07 00:00:00+00:00,3405
2020-10-08 00:00:00+00:00,3408
2020-10-09 00:00:00+00:00,3410
2020-10-10 00:00:00+00:00,3412
2020-10-11 00:00:00+00:00,3413
2020-10-12 00:00:00+00:00,3419
2020-10-13 00:00:00+00:00,3423
2020-10-14 00:00:00+00:00,3425
2020-10-15 00:00:00+00:00,3427
2020-10-16 00:00:00+00:00,3429
2020-10-17 00:00:00+00:00,3430
2020-10-19 00:00:00+00:00,3434
2020-10-20 00:00:00+00:00,3439
2020-10-21 00:00:00+00:00,3442
2020-10-22 00:00:00+00:00,3444
2020-10-23 00:00:00+00:00,3448
2020-10-24 00:00:00+00:00,3451
2020-10-25 00:00:00+00:00,3454
2020-10-26 00:00:00+00:00,3455
2020-10-27 00:00:00+00:00,3457
2020-10-28 00:00:00+00:00,3460
2020-10-29 00:00:00+00:00,3465
2020-10-30 00:00:00+00:00,3466
2020-10-31 00:00:00+00:00,3470
2020-11-01 00:00:00+00:00,3472
2020-11-02 00:00:00+00:00,3474
2020-11-03 00:00:00+00:00,3475
2020-11-04 00:00:00+00:00,3476
2020-11-05 00:00:00+00:00,3478
2020-11-06 00:00:00+00:00,3479
2020-11-07 00:00:00+00:00,3480
2020-11-08 00:00:00+00:00,3483
2020-11-09 00:00:00+00:00,3485
2020-11-10 00:00:00+00:00,3486
2020-11-11 00:00:00+00:00,3493
2020-11-12 00:00:00+00:00,3509
2020-11-13 00:00:00+00:00,3516
2020-11-14 00:00:00+00:00,3520
2020-11-15 00:00:00+00:00,3522
2020-11-16 00:00:00+00:00,3523
2020-11-17 00:00:00+00:00,3525
2020-11-18 00:00:00+00:00,3527
2020-11-19 00:00:00+00:00,3529
2020-11-20 00:00:00+00:00,3535
2020-11-21 00:00:00+00:00,3540
2020-11-22 00:00:00+00:00,3541
2020-11-23 00:00:00+00:00,3549
2020-11-24 00:00:00+00:00,3554
2020-11-25 00:00:00+00:00,3564
2020-11-26 00:00:00+00:00,3573
2020-11-27 00:00:00+00:00,3580
2020-11-29 00:00:00+00:00,3585
2020-11-30 00:00:00+00:00,3589
2020-12-01 00:00:00+00:00,3593
2020-12-02 00:00:00+00:00,3597
2020-12-03 00:00:00+00:00,3601
2020-12-04 00:00:00+00:00,3606
2020-12-05 00:00:00+00:00,3610
2020-12-06 00:00:00+00:00,3613
2020-12-07 00:00:00+00:00,3615
2020-12-08 00:00:00+00:00,3622
2020-12-09 00:00:00+00:00,3626
2020-12-10 00:00:00+00:00,3629
2020-12-11 00:00:00+00:00,3630
2020-12-12 00:00:00+00:00,3632
2020-12-13 00:00:00+00:00,3634
2020-12-14 00:00:00+00:00,3635
2020-12-15 00:00:00+00:00,3637
2020-12-16 00:00:00+00:00,3642
2020-12-18 00:00:00+00:00,3647
2020-12-19 00:00:00+00:00,3650
2020-12-20 00:00:00+00:00,3652
2020-12-21 00:00:00+00:00,3655
2020-12-23 00:00:00+00:00,3658
2020-12-24 00:00:00+00:00,3659
2020-12-25 00:00:00+00:00,3662
2020-12-26 00:00:00+00:00,3665
2020-12-27 00:00:00+00:00,3668
2020-12-28 00:00:00+00:00,3669
2020-12-29 00:00:00+00:00,3670
2020-12-30 00:00:00+00:00,3671
2020-12-31 00:00:00+00:00,3673
2021-01-02 00:00:00+00:00,3674
2021-01-03 00:00:00+00:00,3676
2021-01-04 00:00:00+00:00,3681
2021-01-05 00:00:00+00:00,3684
2021-01-06 00:00:00+00:00,3686
2021-01-07 00:00:00+00:00,3693
2021-01-08 00:00:00+00:00,3695
2021-01-09 00:00:00+00:00,3697
2021-01-10 00:00:00+00:00,3700
2021-01-11 00:00:00+00:00,3702
2021-01-12 00:00:00+00:00,3703
2021-01-13 00:00:00+00:00,3711
2021-01-15 00:00:00+00:00,3713
2021-01-16 00:00:00+00:00,3714
2021-01-17 00:00:00+00:00,3717
2021-01-18 00:00:00+00:00,3722
2021-01-19 00:00:00+00:00,3724
2021-01-20 00:00:00+00:00,3725
2021-01-21 00:00:00+00:00,3729
2021-01-22 00:00:00+00:00,3732
2021-01-23 00:00:00+00:00,3738
2021-01-24 00:00:00+00:00,3743
2021-01-25 00:00:00+00:00,3750
2021-01-26 00:00:00+00:00,3753
2021-01-27 00:00:00+00:00,3754
2021-01-28 00:00:00+00:00,3755
2021-01-29 00:00:00+00:00,3756
2021-01-30 00:00:00+00:00,3760
2021-01-31 00:00:00+00:00,3762
2021-02-01 00:00:00+00:00,3768
2021-02-02 00:00:00+00:00,3770
2021-02-03 00:00:00+00:00,3782
2021-02-04 00:00:00+00:00,3788
2021-02-05 00:00:00+00:00,3796
2021-02-06 00:00:00+00:00,3797
2021-02-07 00:00:00+00:00,3798
2021-02-08 00:00:00+00:00,3801
2021-02-09 00:00:00+00:00,3804
2021-02-10 00:00:00+00:00,3808
2021-02-11 00:00:00+00:00,3811
2021-02-13 00:00:00+00:00,3815
2021-02-14 00:00:00+00:00,3817
2021-02-15 00:00:00+00:00,3823
2021-02-16 00:00:00+00:00,3830
2021-02-17 00:00:00+00:00,3834
2021-02-18 00:00:00+00:00,3839
2021-02-19 00:00:00+00:00,3841
2021-02-20 00:00:00+00:00,3844
2021-02-21 00:00:00+00:00,3848
2021-02-22 00:00:00+00:00,3852
2021-02-23 00:00:00+00:00,3853
2021-02-25 00:00:00+00:00,3861
2021-02-26 00:00:00+00:00,3864
2021-02-27 00:00:00+00:00,3866
2021-02-28 00:00:00+00:00,3867
2021-03-01 00:00:00+00:00,3871
2021-03-02 00:00:00+00:00,3874
2021-03-03 00:00:00+00:00,3876
2021-03-04 00:00:00+00:00,3881
2021-03-05 00:00:00+00:00,3885
2021-03-06 00:00:00+00:00,3888
2021-03-07 00:00:00+00:00,3891
2021-03-08 00:00:00+00:00,3894
2021-03-09 00:00:00+00:00,3899
2021-03-10 00:00:00+00:00,3906
2021-03-11 00:00:00+00:00,3911
2021-03-12 00:00:00+00:00,3912
2021-03-13 00:00:00+00:00,3914
2021-03-14 00:00:00+00:00,3921
2021-03-15 00:00:00+00:00,3926
2021-03-16 00:00:00+00:00,3928
2021-03-17 00:00:00+00:00,3933
2021-03-18 00:00:00+00:00,3934
2021-03-19 00:00:00+00:00,3940
2021-03-20 00:00:00+00:00,3943
2021-03-21 00:00:00+00:00,3947
2021-03-22 00:00:00+00:00,3953
2021-03-23 00:00:00+00:00,3960
2021-03-24 00:00:00+00:00,3968
2021-03-25 00:00:00+00:00,3973
2021-03-26 00:00:00+00:00,3980
2021-03-27 00:00:00+00:00,3981
2021-03-28 00:00:00+00:00,3984
2021-03-29 00:00:00+00:00,3988
2021-03-30 00:00:00+00:00,3995
2021-03-31 00:00:00+00:00,4001
2021-04-01 00:00:00+00:00,4003
2021-04-02 00:00:00+00:00,4011
2021-04-03 00:00:00+00:00,4012
2021-04-04 00:00:00+00:00,4015
2021-04-05 00:00:00+00:00,4019
2021-04-06 00:00:00+00:00,4020
2021-04-08 00:00:00+00:00,4024
2021-04-09 00:00:00+00:00,4030
2021-04-10 00:00:00+00:00,4032
2021-04-11 00:00:00+00:00,4036
2021-04-12 00:00:00+00:00,4040
2021-04-13 00:00:00+00:00,4046
2021-04-14 00:00:00+00:00,4050
2021-04-15 00:00:00+00:00,4055
2021-04-16 00:00:00+00:00,4058
2021-04-17 00:00:00+00:00,4060
2021-04-18 00:00:00+00:00,4062
2021-04-19 00:00:00+00:00,4064
2021-04-20 00:00:00+00:00,4065
2021-04-21 00:00:00+00:00,4068
2021-04-22 00:00:00+00:00,4069
2021-04-23 00:00:00+00:00,4072
2021-04-24 00:00:00+00:00,4073
2021-04-25 00:00:00+00:00,4075
2021-04-26 00:00:00+00:00,4079
2021-04-27 00:00:00+00:00,4083
2021-04-28 00:00:00+00:00,4087
2021-04-29 00:00:00+00:00,4090
2021-04-30 00:00:00+00:00,4094
2021-05-02 00:00:00+00:00,4096
2021-05-03 00:00:00+00:00,4097
2021-05-04 00:00:00+00:00,4101
2021-05-05 00:00:00+00:00,4102
2021-05-06 00:00:00+00:00,4109
2021-05-07 00:00:00+00:00,4114
2021-05-08 00:00:00+00:00,4119
2021-05-09 00:00:00+00:00,4123
2021-05-10 00:00:00+00:00,4126
2021-05-11 00:00:00+00:00,4130
2021-05-12 00:00:00+00:00,4133
2021-05-13 00:00:00+00:00,4139
2021-05-14 00:00:00+00:00,4140
2021-05-18 00:00:00+00:00,4146
2021-05-19 00:00:00+00:00,4152
2021-05-20 00:00:00+00:00,4154
2021-05-21 00:00:00+00:00,4158
2021-05-22 00:00:00+00:00,4162
2021-05-23 00:00:00+00:00,4169
2021-05-24 00:00:00+00:00,4173
2021-05-25 00:00:00+00:00,4175
2021-05-26 00:00:00+00:00,4176
2021-05-27 00:00:00+00:00,4182
2021-05-28 00:00:00+00:00,4189
2021-05-29 00:00:00+00:00,4197
2021-05-30 00:00:00+00:00,4199
2021-05-31 00:00:00+00:00,4203
2021-06-01 00:00:00+00:00,4206
2021-06-02 00:00:00+00:00,4209
2021-06-03 00:00:00+00:00,4218
2021-06-04 00:00:00+00:00,4221
2021-06-05 00:00:00+00:00,4222
2021-06-06 00:00:00+00:00,4224
2021-06-07 00:00:00+00:00,4227
2021-06-08 00:00:00+00:00,4232
2021-06-09 00:00:00+00:00,4236
2021-06-10 00:00:00+00:00,4240
2021-06-11 00:00:00+00:00,4243
2021-06-12 00:00:00+00:00,4245
2021-06-13 00:00:00+00:00,4246
2021-06-14 00:00:00+00:00,4251
2021-06-15 00:00:00+00:00,4257
2021-06-16 00:00:00+00:00,4261
2021-06-17 00:00:00+00:00,4264
2021-06-18 00:00:00+00:00,4266
2021-06-19 00:00:00+00:00,4270
2021-06-20 00:00:00+00:00,4273
2021-06-21 00:00:00+00:00,4275
2021-06-22 00:00:00+00:00,4278
2021-06-23 00:00:00+00:00,4281
2021-06-24 00:00:00+00:00,4283
2021-06-25 00:00:00+00:00,4285
2021-06-26 00:00:00+00:00,4287
2021-06-27 00:00:00+00:00,4290
2021-06-28 00:00:00+00:00,4297
2021-06-29 00:00:00+00:00,4300
2021-06-30 00:00:00+00:00,4303
2021-07-01 00:00:00+00:00,4304
2021-07-02 00:00:00+00:00,4306
2021-07-03 00:00:00+00:00,4307
2021-07-04 00:00:00+00:00,4310
2021-07-05 00:00:00+00:00,4311
2021-07-06 00:00:00+00:00,4319
2021-07-07 00:00:00+00:00,4320
2021-07-08 00:00:00+00:00,4323
2021-07-09 00:00:00+00:00,4328
2021-07-11 00:00:00+00:00,4329
2021-07-12 00:00:00+00:00,4335
2021-07-13 00:00:00+00:00,4337
2021-07-14 00:00:00+00:00,4339
2021-07-15 00:00:00+00:00,4342
2021-07-16 00:00:00+00:00,4345
2021-07-17 00:00:00+00:00,4347
2021-07-18 00:00:00+00:00,4348
2021-07-19 00:00:00+00:00,4349
2021-07-20 00:00:00+00:00,4353
2021-07-21 00:00:00+00:00,4356
2021-07-22 00:00:00+00:00,4358
2021-07-23 00:00:00+00:00,4359
2021-07-25 00:00:00+00:00,4362
2021-07-26 00:00:00+00:00,4369
2021-07-27 00:00:00+00:00,4372
2021-07-28 00:00:00+00:00,4377
2021-07-29 00:00:00+00:00,4380
2021-07-30 00:00:00+00:00,4381
2021-07-31 00:00:00+00:00,4385
2021-08-01 00:00:00+00:00,4389
2021-08-03 00:00:00+00:00,4391
2021-08-04 00:00:00+00:00,4397
2021-08-05 00:00:00+00:00,4400
2021-08-06 00:00:00+00:00,4401
2021-08-07 00:00:00+00:00,4406
2021-08-08 00:00:00+00:00,4408
2021-08-09 00:00:00+00:00,4409
2021-08-11 00:00:00+00:00,4413
2021-08-12 00:00:00+00:00,4416
2021-08-13 00:00:00+00:00,4418
2021-08-15 00:00:00+00:00,4423
2021-08-16 00:00:00+00:00,4424
2021-08-17 00:00:00+00:00,4425
2021-08-18 00:00:00+00:00,4430
2021-08-19 00:00:00+00:00,4434
2021-08-20 00:00:00+00:00,4437
2021-08-21 00:00:00+00:00,4438
2021-08-22 00:00:00+00:00,4440
2021-08-23 00:00:00+00:00,4445
2021-08-24 00:00:00+00:00,4448
2021-08-25 00:00:00+00:00,4450
2021-08-26 00:00:00+00:00,4454
2021-08-27 00:00:00+00:00,4457
2021-08-28 00:00:00+00:00,4459
2021-08-29 00:00:00+00:00,4460
2021-08-30 00:00:00+00:00,4464
2021-08-31 00:00:00+00:00,4466
2021-09-01 00:00:00+00:00,4468
2021-09-02 00:00:00+00:00,4469
2021-09-03 00:00:00+00:00,4529
2021-09-04 00:00:00+00:00,4538
2021-09-05 00:00:00+00:00,4549
2021-09-06 00:00:00+00:00,4554
2021-09-07 00:00:00+00:00,4562
2021-09-08 00:00:00+00:00,4566
2021-09-09 00:00:00+00:00,4570
2021-09-10 00:00:00+00:00,4578
2021-09-12 00:00:00+00:00,4579
2021-09-13 00:00:00+00:00,4582
2021-09-14 00:00:00+00:00,4583
2021-09-15 00:00:00+00:00,4585
2021-09-16 00:00:00+00:00,4591
2021-09-17 00:00:00+00:00,4593
2021-09-18 00:00:00+00:00,4594
2021-09-19 00:00:00+00:00,4596
2021-09-22 00:00:00+00:00,4600
2021-09-23 00:00:00+00:00,4602
2021-09-24 00:00:00+00:00,4605
2021-09-25 00:00:00+00:00,4606
2021-09-26 00:00:00+00:00,4607
2021-09-27 00:00:00+00:00,4609
2021-09-28 00:00:00+00:00,4612
2021-09-29 00:00:00+00:00,4615
2021-09-30 00:00:00+00:00,4618
2021-10-01 00:00:00+00:00,4622
2021-10-02 00:00:00+00:00,4624
2021-10-03 00:00:00+00:00,4625
2021-10-05 00:00:00+00:00,4626
2021-10-06 00:00:00+00:00,4628
2021-10-07 00:00:00+00:00,4630
2021-10-08 00:00:00+00:00,4636
2021-10-09 00:00:00+00:00,4639
2021-10-10 00:00:00+00:00,4641
2021-10-11 00:00:00+00:00,4646
2021-10-12 00:00:00+00:00,4650
2021-10-13 00:00:00+00:00,4651
2021-10-14 00:00:00+00:00,4653
2021-10-15 00:00:00+00:00,4656
2021-10-16 00:00:00+00:00,4658
2021-10-17 00:00:00+00:00,4660
2021-10-18 00:00:00+00:00,4661
2021-10-19 00:00:00+00:00,4664
2021-10-20 00:00:00+00:00,4666
2021-10-21 00:00:00+00:00,4671
2021-10-22 00:00:00+00:00,4672
2021-10-24 00:00:00+00:00,4675
2021-10-25 00:00:00+00:00,4677
2021-10-26 00:00:00+00:00,4699
2021-10-27 00:00:00+00:00,4740
2021-10-28 00:00:00+00:00,4745
2021-10-29 00:00:00+00:00,4749
2021-10-30 00:00:00+00:00,4752
2021-10-31 00:00:00+00:00,4753
2021-11-01 00:00:00+00:00,4755
2021-11-02 00:00:00+00:00,4758
2021-11-03 00:00:00+00:00,4762
2021-11-04 00:00:00+00:00,4764
2021-11-05 00:00:00+00:00,4768
2021-11-06 00:00:00+00:00,4773
2021-11-07 00:00:00+00:00,4776
2021-11-08 00:00:00+00:00,4786
2021-11-09 00:00:00+00:00,4793
2021-11-10 00:00:00+00:00,4795
2021-11-11 00:00:00+00:00,4802
2021-11-12 00:00:00+00:00,4803
2021-11-13 00:00:00+00:00,4807
2021-11-14 00:00:00+00:00,4808
2021-11-15 00:00:00+00:00,4809
2021-11-16 00:00:00+00:00,4811
2021-11-17 00:00:00+00:00,4814
2021-11-18 00:00:00+00:00,4818
2021-11-19 00:00:00+00:00,4822
2021-11-20 00:00:00+00:00,4824
2021-11-21 00:00:00+00:00,4825
2021-11-22 00:00:00+00:00,4829
2021-11-23 00:00:00+00:00,4831
2021-11-24 00:00:00+00:00,4837
2021-11-25 00:00:00+00:00,4841
2021-11-26 00:00:00+00:00,4842
2021-11-27 00:00:00+00:00,4843
2021-11-28 00:00:00+00:00,4846
2021-11-29 00:00:00+00:00,4849
2021-11-30 00:00:00+00:00,4854
2021-12-01 00:00:00+00:00,4860
2021-12-02 00:00:00+00:00,4864
2021-12-03 00:00:00+00:00,4865
2021-12-05 00:00:00+00:00,4868
2021-12-06 00:00:00+00:00,4876
2021-12-07 00:00:00+00:00,4877
2021-12-08 00:00:00+00:00,4879
2021-12-09 00:00:00+00:00,4881
2021-12-10 00:00:00+00:00,4882
2021-12-11 00:00:00+00:00,4887
2021-12-12 00:00:00+00:00,4889
2021-12-13 00:00:00+00:00,4892
2021-12-16 00:00:00+00:00,4894
2021-12-17 00:00:00+00:00,4895
2021-12-20 00:00:00+00:00,4901
2021-12-21 00:00:00+00:00,4907
2021-12-22 00:00:00+00:00,4914
2021-12-23 00:00:00+00:00,4920
2021-12-24 00:00:00+00:00,4922
2021-12-25 00:00:00+00:00,4923
2021-12-26 00:00:00+00:00,4924
2021-12-29 00:00:00+00:00,4928
2021-12-30 00:00:00+00:00,4933
2022-01-01 00:00:00+00:00,4934
2022-01-02 00:00:00+00:00,4935
2022-01-03 00:00:00+00:00,4938
2022-01-04 00:00:00+00:00,4941
2022-01-05 00:00:00+00:00,4944
2022-01-07 00:00:00+00:00,4947
2022-01-08 00:00:00+00:00,4948
2022-01-09 00:00:00+00:00,4950
2022-01-10 00:00:00+00:00,4958
2022-01-11 00:00:00+00:00,4959
2022-01-12 00:00:00+00:00,4964
2022-01-13 00:00:00+00:00,4966
2022-01-15 00:00:00+00:00,4974
2022-01-16 00:00:00+00:00,4989
2022-01-17 00:00:00+00:00,4991
2022-01-18 00:00:00+00:00,4994
2022-01-19 00:00:00+00:00,4998
2022-01-20 00:00:00+00:00,4999
2022-01-21 00:00:00+00:00,5001
2022-01-22 00:00:00+00:00,5006
2022-01-23 00:00:00+00:00,5007
2022-01-26 00:00:00+00:00,5010
2022-01-27 00:00:00+00:00,5013
2022-01-28 00:00:00+00:00,5018
2022-01-29 00:00:00+00:00,5028
2022-01-30 00:00:00+00:00,5037
2022-01-31 00:00:00+00:00,5041
2022-02-01 00:00:00+00:00,5045
2022-02-02 00:00:00+00:00,5048
2022-02-03 00:00:00+00:00,5051
2022-02-04 00:00:00+00:00,5054
2022-02-05 00:00:00+00:00,5058
2022-02-06 00:00:00+00:00,5064
2022-02-07 00:00:00+00:00,5066
2022-02-08 00:00:00+00:00,5070
2022-02-09 00:00:00+00:00,5076
2022-02-10 00:00:00+00:00,5080
2022-02-11 00:00:00+00:00,5082
2022-02-12 00:00:00+00:00,5085
2022-02-13 00:00:00+00:00,5089
2022-02-14 00:00:00+00:00,5090
2022-02-15 00:00:00+00:00,5093
2022-02-16 00:00:00+00:00,5094
2022-02-17 00:00:00+00:00,5098
2022-02-18 00:00:00+00:00,5100
2022-02-19 00:00:00+00:00,5105
2022-02-20 00:00:00+00:00,5109
2022-02-21 00:00:00+00:00,5111
2022-02-22 00:00:00+00:00,5115
2022-02-23 00:00:00+00:00,5118
2022-02-24 00:00:00+00:00,5119
2022-02-25 00:00:00+00:00,5122
2022-02-26 00:00:00+00:00,5123
2022-02-27 00:00:00+00:00,5124
2022-02-28 00:00:00+00:00,5127
2022-03-01 00:00:00+00:00,5128
2022-03-02 00:00:00+00:00,5131
2022-03-03 00:00:00+00:00,5135
2022-03-04 00:00:00+00:00,5136
2022-03-06 00:00:00+00:00,5139
2022-03-07 00:00:00+00:00,5142
2022-03-08 00:00:00+00:00,5149
2022-03-09 00:00:00+00:00,5153
2022-03-10 00:00:00+00:00,5157
2022-03-11 00:00:00+00:00,5165
2022-03-12 00:00:00+00:00,5170
2022-03-13 00:00:00+00:00,5172
2022-03-14 00:00:00+00:00,5174
2022-03-15 00:00:00+00:00,5180
2022-03-16 00:00:00+00:00,5188
2022-03-17 00:00:00+00:00,5189
2022-03-18 00:00:00+00:00,5192
2022-03-19 00:00:00+00:00,5193
2022-03-22 00:00:00+00:00,5196
2022-03-24 00:00:00+00:00,5198
2022-03-25 00:00:00+00:00,5201
2022-03-26 00:00:00+00:00,5202
2022-03-27 00:00:00+00:00,5206
2022-03-28 00:00:00+00:00,5213
2022-03-29 00:00:00+00:00,5220
2022-03-30 00:00:00+00:00,5224
2022-03-31 00:00:00+00:00,5228
2022-04-01 00:00:00+00:00,5234
2022-04-02 00:00:00+00:00,5237
2022-04-03 00:00:00+00:00,5239
2022-04-04 00:00:00+00:00,5242
2022-04-05 00:00:00+00:00,5246
2022-04-06 00:00:00+00:00,5249
2022-04-07 00:00:00+00:00,5253
2022-04-08 00:00:00+00:00,5260
2022-04-09 00:00:00+00:00,5265
2022-04-10 00:00:00+00:00,5266
2022-04-11 00:00:00+00:00,5269
2022-04-12 00:00:00+00:00,5271
2022-04-13 00:00:00+00:00,5273
2022-04-14 00:00:00+00:00,5278
2022-04-15 00:00:00+00:00,5280
2022-04-16 00:00:00+00:00,5281
2022-04-17 00:00:00+00:00,5282
2022-04-19 00:00:00+00:00,5285
2022-04-20 00:00:00+00:00,5288
2022-04-21 00:00:00+00:00,5290
2022-04-22 00:00:00+00:00,5295
2022-04-23 00:00:00+00:00,5306
2022-04-24 00:00:00+00:00,5313
2022-04-25 00:00:00+00:00,5316
2022-04-26 00:00:00+00:00,5321
2022-04-27 00:00:00+00:00,5325
2022-04-28 00:00:00+00:00,5326
2022-04-29 00:00:00+00:00,5328
2022-04-30 00:00:00+00:00,5330
2022-05-01 00:00:00+00:00,5332
2022-05-02 00:00:00+00:00,5333
2022-05-03 00:00:00+00:00,5359
2022-05-04 00:00:00+00:00,5380
2022-05-05 00:00:00+00:00,5383
2022-05-06 00:00:00+00:00,5387
2022-05-07 00:00:00+00:00,5391
2022-05-08 00:00:00+00:00,5392
2022-05-09 00:00:00+00:00,5395
2022-05-11 00:00:00+00:00,5399
2022-05-12 00:00:00+00:00,5402
2022-05-13 00:00:00+00:00,5405
2022-05-14 00:00:00+00:00,5406
2022-05-16 00:00:00+00:00,5407
2022-05-17 00:00:00+00:00,5408
2022-05-18 00:00:00+00:00,5410
2022-05-19 00:00:00+00:00,5412
2022-05-20 00:00:00+00:00,5416
2022-05-21 00:00:00+00:00,5429
2022-05-22 00:00:00+00:00,5437
2022-05-23 00:00:00+00:00,5439
2022-05-24 00:00:00+00:00,5444
2022-05-25 00:00:00+00:00,5446
2022-05-26 00:00:00+00:00,5447
2022-05-27 00:00:00+00:00,5451
2022-05-28 00:00:00+00:00,5453
2022-05-30 00:00:00+00:00,5454
2022-05-31 00:00:00+00:00,5455
2022-06-01 00:00:00+00:00,5458
2022-06-02 00:00:00+00:00,5463
2022-06-03 00:00:00+00:00,5465
2022-06-04 00:00:00+00:00,5466
2022-06-06 00:00:00+00:00,5470
2022-06-07 00:00:00+00:00,5472
2022-06-08 00:00:00+00:00,5476
2022-06-09 00:00:00+00:00,5478
2022-06-10 00:00:00+00:00,5479
2022-06-11 00:00:00+00:00,5481
2022-06-12 00:00:00+00:00,5483
2022-06-13 00:00:00+00:00,5488
2022-06-14 00:00:00+00:00,5489
2022-06-16 00:00:00+00:00,5491
2022-06-17 00:00:00+00:00,5492
2022-06-19 00:00:00+00:00,5497
2022-06-20 00:00:00+00:00,5500
2022-06-21 00:00:00+00:00,5502
2022-06-22 00:00:00+00:00,5504
2022-06-23 00:00:00+00:00,5505
2022-06-24 00:00:00+00:00,5507
2022-06-25 00:00:00+00:00,5511
2022-06-26 00:00:00+00:00,5512
2022-06-27 00:00:00+00:00,5514
2022-06-28 00:00:00+00:00,5517
2022-06-29 00:00:00+00:00,5521
2022-06-30 00:00:00+00:00,5522
2022-07-01 00:00:00+00:00,5526
2022-07-02 00:00:00+00:00,5528
2022-07-04 00:00:00+00:00,5530
2022-07-05 00:00:00+00:00,5535
2022-07-06 00:00:00+00:00,5543
2022-07-07 00:00:00+00:00,5552
2022-07-08 00:00:00+00:00,5564
2022-07-09 00:00:00+00:00,5567
2022-07-10 00:00:00+00:00,5568
2022-07-11 00:00:00+00:00,5571
2022-07-12 00:00:00+00:00,5573
2022-07-13 00:00:00+00:00,5577
2022-07-14 00:00:00+00:00,5580
2022-07-15 00:00:00+00:00,5585
2022-07-16 00:00:00+00:00,5587
2022-07-17 00:00:00+00:00,5588
2022-07-18 00:00:00+00:00,5589
2022-07-19 00:00:00+00:00,5592
2022-07-20 00:00:00+00:00,5593
2022-07-21 00:00:00+00:00,5600
2022-07-22 00:00:00+00:00,5604
2022-07-23 00:00:00+00:00,5610
2022-07-24 00:00:00+00:00,5614
2022-07-25 00:00:00+00:00,5621
2022-07-26 00:00:00+00:00,5626
2022-07-27 00:00:00+00:00,5635
2022-07-28 00:00:00+00:00,5639
2022-07-29 00:00:00+00:00,5643
2022-07-30 00:00:00+00:00,5646
2022-07-31 00:00:00+00:00,5647
2022-08-01 00:00:00+00:00,5648
2022-08-02 00:00:00+00:00,5651
2022-08-04 00:00:00+00:00,5653
2022-08-06 00:00:00+00:00,5655
2022-08-07 00:00:00+00:00,5659
2022-08-08 00:00:00+00:00,5661
2022-08-09 00:00:00+00:00,5666
2022-08-10 00:00:00+00:00,5669
2022-08-12 00:00:00+00:00,5673
2022-08-13 00:00:00+00:00,5675
2022-08-14 00:00:00+00:00,5678
2022-08-15 00:00:00+00:00,5682
2022-08-16 00:00:00+00:00,5683
2022-08-17 00:00:00+00:00,5686
2022-08-18 00:00:00+00:00,5688
2022-08-19 00:00:00+00:00,5689
2022-08-20 00:00:00+00:00,5691
2022-08-21 00:00:00+00:00,5693
2022-08-22 00:00:00+00:00,5695
2022-08-23 00:00:00+00:00,5700
2022-08-24 00:00:00+00:00,5711
2022-08-25 00:00:00+00:00,5719
2022-08-26 00:00:00+00:00,5720
2022-08-27 00:00:00+00:00,5723
2022-08-28 00:00:00+00:00,5724
2022-08-29 00:00:00+00:00,5727
2022-08-30 00:00:00+00:00,5729
2022-08-31 00:00:00+00:00,5731
2022-09-01 00:00:00+00:00,5734
2022-09-02 00:00:00+00:00,5735
2022-09-03 00:00:00+00:00,5736
2022-09-04 00:00:00+00:00,5739
2022-09-05 00:00:00+00:00,5743
2022-09-06 00:00:00+00:00,5747
2022-09-07 00:00:00+00:00,5749
2022-09-08 00:00:00+00:00,5754
2022-09-09 00:00:00+00:00,5765
2022-09-10 00:00:00+00:00,5772
2022-09-11 00:00:00+00:00,5773
2022-09-12 00:00:00+00:00,5774
2022-09-15 00:00:00+00:00,5779
2022-09-16 00:00:00+00:00,5784
2022-09-18 00:00:00+00:00,5787
2022-09-19 00:00:00+00:00,5790
2022-09-21 00:00:00+00:00,5792
2022-09-22 00:00:00+00:00,5794
2022-09-23 00:00:00+00:00,5795
2022-09-24 00:00:00+00:00,5797
2022-09-25 00:00:00+00:00,5798
2022-09-26 00:00:00+00:00,5801
2022-09-27 00:00:00+00:00,5829
2022-09-28 00:00:00+00:00,5847
2022-09-29 00:00:00+00:00,5863
2022-09-30 00:00:00+00:00,5870
2022-10-01 00:00:00+00:00,5875
2022-10-02 00:00:00+00:00,5883
2022-10-03 00:00:00+00:00,5892
2022-10-04 00:00:00+00:00,5898
2022-10-05 00:00:00+00:00,5901
2022-10-06 00:00:00+00:00,5903
2022-10-07 00:00:00+00:00,5904
2022-10-09 00:00:00+00:00,5905
2022-10-10 00:00:00+00:00,5907
2022-10-11 00:00:00+00:00,5910
2022-10-13 00:00:00+00:00,5914
2022-10-14 00:00:00+00:00,5916
2022-10-15 00:00:00+00:00,5918
2022-10-16 00:00:00+00:00,5919
2022-10-17 00:00:00+00:00,5925
2022-10-18 00:00:00+00:00,5941
2022-10-19 00:00:00+00:00,5958
2022-10-20 00:00:00+00:00,5966
2022-10-21 00:00:00+00:00,5968
2022-10-22 00:00:00+00:00,5972
2022-10-23 00:00:00+00:00,5977
2022-10-24 00:00:00+00:00,5983
2022-10-25 00:00:00+00:00,5984
2022-10-26 00:00:00+00:00,5989
2022-10-27 00:00:00+00:00,5991
2022-10-28 00:00:00+00:00,5992
2022-10-29 00:00:00+00:00,5996
2022-10-30 00:00:00+00:00,5998
2022-11-01 00:00:00+00:00,6001
2022-11-02 00:00:00+00:00,6002
2022-11-03 00:00:00+00:00,6004
2022-11-04 00:00:00+00:00,6006
2022-11-05 00:00:00+00:00,6010
2022-11-07 00:00:00+00:00,6012
2022-11-08 00:00:00+00:00,6015
2022-11-09 00:00:00+00:00,6020
2022-11-10 00:00:00+00:00,6024
2022-11-11 00:00:00+00:00,6028
2022-11-12 00:00:00+00:00,6032
2022-11-13 00:00:00+00:00,6035
2022-11-17 00:00:00+00:00,6039
2022-11-19 00:00:00+00:00,6042
2022-11-20 00:00:00+00:00,6044
2022-11-21 00:00:00+00:00,6046
2022-11-22 00:00:00+00:00,6047
2022-11-23 00:00:00+00:00,6050
2022-11-24 00:00:00+00:00,6055
2022-11-26 00:00:00+00:00,6056
2022-11-27 00:00:00+00:00,6057
2022-11-28 00:00:00+00:00,6058
2022-11-29 00:00:00+00:00,6059
2022-11-30 00:00:00+00:00,6060
2022-12-01 00:00:00+00:00,6061
2022-12-02 00:00:00+00:00,6062
2022-12-03 00:00:00+00:00,6063
2022-12-05 00:00:00+00:00,6065
2022-12-06 00:00:00+00:00,6067
2022-12-07 00:00:00+00:00,6069
2022-12-08 00:00:00+00:00,6073
2022-12-09 00:00:00+00:00,6075
2022-12-10 00:00:00+00:00,6076
2022-12-11 00:00:00+00:00,6077
2022-12-12 00:00:00+00:00,6078
2022-12-13 00:00:00+00:00,6080
2022-12-14 00:00:00+00:00,6084
2022-12-15 00:00:00+00:00,6090
2022-12-16 00:00:00+00:00,6094
2022-12-17 00:00:00+00:00,6109
2022-12-18 00:00:00+00:00,6117
2022-12-19 00:00:00+00:00,6119
2022-12-20 00:00:00+00:00,6129
2022-12-21 00:00:00+00:00,6143
2022-12-22 00:00:00+00:00,6151
2022-12-23 00:00:00+00:00,6154
2022-12-24 00:00:00+00:00,6158
2022-12-25 00:00:00+00:00,6162
2022-12-26 00:00:00+00:00,6163
2022-12-27 00:00:00+00:00,6164
2022-12-29 00:00:00+00:00,6167
2022-12-30 00:00:00+00:00,6169
2022-12-31 00:00:00+00:00,6170
2023-01-01 00:00:00+00:00,6174
2023-01-03 00:00:00+00:00,6180
2023-01-05 00:00:00+00:00,6181
2023-01-07 00:00:00+00:00,6185
2023-01-08 00:00:00+00:00,6186
2023-01-09 00:00:00+00:00,6187
2023-01-10 00:00:00+00:00,6190
2023-01-11 00:00:00+00:00,6194
2023-01-12 00:00:00+00:00,6198
2023-01-13 00:00:00+00:00,6199
2023-01-16 00:00:00+00:00,6201
2023-01-17 00:00:00+00:00,6204
2023-01-18 00:00:00+00:00,6205
2023-01-19 00:00:00+00:00,6207
2023-01-20 00:00:00+00:00,6208
2023-01-22 00:00:00+00:00,6210
2023-01-24 00:00:00+00:00,6213
2023-01-25 00:00:00+00:00,6215
2023-01-26 00:00:00+00:00,6217
2023-01-27 00:00:00+00:00,6218
2023-01-29 00:00:00+00:00,6220
2023-01-30 00:00:00+00:00,6223
2023-01-31 00:00:00+00:00,6229
2023-02-01 00:00:00+00:00,6236
2023-02-02 00:00:00+00:00,6240
2023-02-03 00:00:00+00:00,6257
2023-02-04 00:00:00+00:00,6262
2023-02-05 00:00:00+00:00,6265
2023-02-06 00:00:00+00:00,6267
2023-02-07 00:00:00+00:00,6271
2023-02-08 00:00:00+00:00,6274
2023-02-09 00:00:00+00:00,6278
2023-02-10 00:00:00+00:00,6282
2023-02-11 00:00:00+00:00,6286
2023-02-12 00:00:00+00:00,6288
2023-02-13 00:00:00+00:00,6293
2023-02-14 00:00:00+00:00,6297
2023-02-15 00:00:00+00:00,6302
2023-02-16 00:00:00+00:00,6303
2023-02-17 00:00:00+00:00,6305
2023-02-18 00:00:00+00:00,6307
2023-02-19 00:00:00+00:00,6310
2023-02-20 00:00:00+00:00,6314
2023-02-21 00:00:00+00:00,6318
2023-02-22 00:00:00+00:00,6323
2023-02-23 00:00:00+00:00,6326
2023-02-24 00:00:00+00:00,6335
2023-02-26 00:00:00+00:00,6340
2023-02-27 00:00:00+00:00,6342
2023-02-28 00:00:00+00:00,6351
2023-03-01 00:00:00+00:00,6358
2023-03-04 00:00:00+00:00,6359
2023-03-05 00:00:00+00:00,6362
2023-03-06 00:00:00+00:00,6365
2023-03-07 00:00:00+00:00,6367
2023-03-08 00:00:00+00:00,6370
2023-03-09 00:00:00+00:00,6373
2023-03-10 00:00:00+00:00,6375
2023-03-11 00:00:00+00:00,6376
2023-03-12 00:00:00+00:00,6377
2023-03-13 00:00:00+00:00,6379
2023-03-15 00:00:00+00:00,6380
2023-03-16 00:00:00+00:00,6384
2023-03-17 00:00:00+00:00,6388
2023-03-18 00:00:00+00:00,6390
2023-03-19 00:00:00+00:00,6392
2023-03-20 00:00:00+00:00,6394
2023-03-21 00:00:00+00:00,6399
2023-03-22 00:00:00+00:00,6401
2023-03-23 00:00:00+00:00,6404
2023-03-24 00:00:00+00:00,6405
2023-03-25 00:00:00+00:00,6407
2023-03-27 00:00:00+00:00,6409
2023-03-28 00:00:00+00:00,6415
2023-03-29 00:00:00+00:00,6422
2023-03-30 00:00:00+00:00,6429
2023-03-31 00:00:00+00:00,6437
2023-04-01 00:00:00+00:00,6439
2023-04-02 00:00:00+00:00,6446
2023-04-03 00:00:00+00:00,6449
2023-04-04 00:00:00+00:00,6452
2023-04-05 00:00:00+00:00,6456
2023-04-06 00:00:00+00:00,6459
2023-04-07 00:00:00+00:00,6462
2023-04-08 00:00:00+00:00,6464
2023-04-09 00:00:00+00:00,6466
2023-04-10 00:00:00+00:00,6468
2023-04-11 00:00:00+00:00,6470
2023-04-12 00:00:00+00:00,6476
2023-04-13 00:00:00+00:00,6482
2023-04-14 00:00:00+00:00,6484
2023-04-15 00:00:00+00:00,6485
2023-04-17 00:00:00+00:00,6489
2023-04-18 00:00:00+00:00,6494
2023-04-19 00:00:00+00:00,6498
2023-04-20 00:00:00+00:00,6502
2023-04-21 00:00:00+00:00,6504
2023-04-22 00:00:00+00:00,6507
2023-04-23 00:00:00+00:00,6508
2023-04-24 00:00:00+00:00,6513
2023-04-25 00:00:00+00:00,6518
2023-04-26 00:00:00+00:00,6522
2023-04-27 00:00:00+00:00,6528
2023-04-28 00:00:00+00:00,6530
2023-04-29 00:00:00+00:00,6534
2023-04-30 00:00:00+00:00,6538
2023-05-01 00:00:00+00:00,6541
2023-05-02 00:00:00+00:00,6542
2023-05-04 00:00:00+00:00,6544
2023-05-05 00:00:00+00:00,6546
2023-05-07 00:00:00+00:00,6550
2023-05-08 00:00:00+00:00,6551
2023-05-09 00:00:00+00:00,6554
2023-05-10 00:00:00+00:00,6560
2023-05-12 00:00:00+00:00,6563
2023-05-13 00:00:00+00:00,6564
2023-05-14 00:00:00+00:00,6567
2023-05-15 00:00:00+00:00,6570
2023-05-16 00:00:00+00:00,6576
2023-05-17 00:00:00+00:00,6579
2023-05-18 00:00:00+00:00,6581
2023-05-19 00:00:00+00:00,6601
2023-05-20 00:00:00+00:00,6621
